Infection.Type,N,SAM,AZT,CEP,CAZ,CRO,DOR,GM,IMI,LVX,MEM,TZP,TGC,SXT,MDR
bloodstream infection,247,0.48,0.8,0.77,0.79,0.76,0.99,0.83,1,0.46,0.99,0.9,0.99,0,0.33999999999999997
intra-abdominal infection,52,0.37,0.77,0.71,0.75,0.75,1,0.83,1,0.63,1,0.75,1,0.16,0.35
pneumonia in hospitalized patients,70,0.44,0.71,0.53,0.72,0.71,0.99,0.86,1,0.46,0.97,0.79,0.99,0.12,0.43000000000000005
skin/soft tissue infection,120,0.48,0.71,0.69,0.72,0.67,0.98,0.78,0.97,0.52,0.98,0.88,0.98,0.02,0.42000000000000004
